{
  "FiO2_drawn":0.0590335242,
  "Lactate":0.0434547514,
  "Unit2":0.0393846706,
  "BaseExcess_drawn":0.030940678,
  "Unit1":0.0306198634,
  "Temp":0.0302292202,
  "FiO2":0.0287308525,
  "Resp_roll_mean":0.0284179002,
  "AST":0.0234660562,
  "Bilirubin_total":0.0222698413,
  "HR":0.0209557153,
  "BUN":0.0208949335,
  "SBP_roll_std":0.0186686628,
  "Creatinine":0.0186263006,
  "DBP_roll_std":0.0157740638,
  "Phosphate":0.0156114018,
  "Hgb":0.0153242582,
  "Platelets":0.0152046103,
  "WBC":0.0151633192,
  "Chloride":0.0147539228,
  "pH":0.0146981589,
  "PTT":0.0142971426,
  "Temp_roll_std":0.0141757438,
  "SBP_roll_mean":0.0141725847,
  "HCO3":0.0141619919,
  "Alkalinephos":0.0141600426,
  "Age":0.0140597932,
  "Lactate_drawn":0.0140021574,
  "BaseExcess":0.0134325484,
  "Gender":0.0133340042,
  "Fibrinogen":0.013208461,
  "TroponinI":0.0131701939,
  "Temp_roll_mean":0.0127068581,
  "Magnesium":0.0125350431,
  "Hct":0.0123547679,
  "Calcium":0.0123500386,
  "Glucose":0.0123069342,
  "MAP_roll_mean":0.0120733306,
  "MAP_roll_std":0.0120660942,
  "HR_roll_mean":0.0120507227,
  "Potassium":0.0117219677,
  "DBP_roll_mean":0.0115499338,
  "MAP":0.0115479128,
  "PaCO2":0.0114254728,
  "O2Sat_roll_std":0.0114153633,
  "SaO2":0.011088701,
  "SBP":0.0110176317,
  "Resp_roll_std":0.0109004118,
  "Resp":0.0108334795,
  "O2Sat_roll_mean":0.0103477268,
  "Magnesium_drawn":0.0102762189,
  "DBP":0.0088385949,
  "pH_drawn":0.0085283266,
  "HR_roll_std":0.0084317075,
  "Bilirubin_direct":0.0082926182,
  "HCO3_drawn":0.0072515588,
  "PTT_drawn":0.0061150584,
  "Phosphate_drawn":0.005985884,
  "Alkalinephos_drawn":0.0058488054,
  "SaO2_drawn":0.0058130384,
  "Potassium_drawn":0.0054513705,
  "Hct_drawn":0.0051261764,
  "AST_drawn":0.0050345729,
  "O2Sat":0.0049418663,
  "BUN_drawn":0.0045135538,
  "PaCO2_drawn":0.0041124718,
  "WBC_drawn":0.0030681712,
  "Bilirubin_total_drawn":0.0025704666,
  "Platelets_drawn":0.0023933633,
  "TroponinI_drawn":0.0022847729,
  "Chloride_drawn":0.000431575,
  "Calcium_drawn":0.0,
  "Glucose_drawn":0.0,
  "Bilirubin_direct_drawn":0.0,
  "Creatinine_drawn":0.0,
  "Hgb_drawn":0.0,
  "Fibrinogen_drawn":0.0
}